{"count":1,"self":10109.4612992,"total":70632.5170937,"children":{"InitializeActuators":{"count":36,"self":0.0029863,"total":0.0029863,"children":null},"InitializeSensors":{"count":36,"self":0.0029988,"total":0.0029988,"children":null},"AgentSendState":{"count":2488051,"self":160.702272,"total":38990.764093,"children":{"CollectObservations":{"count":8957016,"self":92.0032384,"total":92.003238599999989,"children":null},"WriteActionMask":{"count":8957016,"self":34.403852799999996,"total":34.4038533,"children":null},"RequestDecision":{"count":8957016,"self":125.75938559999999,"total":38703.6547325,"children":{"AgentInfo.ToProto":{"count":8957016,"self":112.298368,"total":38577.8953422,"children":{"GenerateSensorData":{"count":8957016,"self":397.7484288,"total":38465.5969694,"children":{"CameraSensor.GetCompressedObservation":{"count":8957016,"self":38067.847168,"total":38067.8485476,"children":null}}}}}}}}},"DecideAction":{"count":2488051,"self":19741.7091072,"total":19741.7097163,"children":null},"AgentAct":{"count":2488051,"self":471.95678719999995,"total":1692.3530174,"children":{"AgentInfo.ToProto":{"count":86641,"self":1.3368018,"total":1220.3962476,"children":{"GenerateSensorData":{"count":86641,"self":4.1216968,"total":1219.0594458,"children":{"CameraSensor.GetCompressedObservation":{"count":86641,"self":1214.9377024,"total":1214.9377491999999,"children":null}}}}}}},"AgentInfo.ToProto":{"count":6621,"self":0.1309556,"total":98.213943199999989,"children":{"GenerateSensorData":{"count":6621,"self":0.3276186,"total":98.0829876,"children":{"CameraSensor.GetCompressedObservation":{"count":6621,"self":97.7553664,"total":97.755369,"children":null}}}}}},"gauges":{"BlueCube.CumulativeReward":{"count":93262,"max":1.987,"min":-2.5,"runningAverage":0.04133322,"value":0,"weightedAverage":0.0072222515}},"metadata":{"timer_format_version":"0.1.0","start_time_seconds":"1620087889","unity_version":"2020.3.2f1","command_line_arguments":"C:\\Program Files\\Unity\\Hub\\Editor\\2020.3.2f1\\Editor\\Unity.exe -projectpath C:\/Users\/Paul\/Documents\/Code\/MLAgents\/fsdl-unity-project -useHub -hubIPC -cloudEnvironment production -hubSessionId cb72ad30-ab91-11eb-9351-c9ffab88425f -accessToken NxjT4q8uQL2E99WagT2xOMpjWFG8MxmglcmO1pbbb_4005f","communication_protocol_version":"1.5.0","com.unity.ml-agents_version":"1.9.0-preview","scene_name":"RollerScene","end_time_seconds":"1620158521"}}